INSERT INTO "user" (id, date_created, username, email, image_file, password, token, token_expiration, admin, active) VALUES(1, '2020-03-08 18:49:58.639010', 'raiabril', 'rai@ingmechs.com', 'default.jpg', '$2b$12$4rr0Y1.mYveGJuAtBgLTFOB.nRzrZcpYALYB4dBLwASW.l2Woi4L2', 'RQmTD0lAZp9pebRWJlNGxVkedlOXcB5S', '2020-03-29 08:30:46.479430', 0, 0);


INSERT INTO device (id, date_created, name, code, user_id, active, watering, automatic_watering, default_watering) VALUES(1, '2020-03-08 00:00:00', 'Macetas', 'ESP-32', 1, 0, 0, 0, NULL);
INSERT INTO device (id, date_created, name, code, user_id, active, watering, automatic_watering, default_watering) VALUES(2, '2020-03-10 00:00:00', 'Weather Station', 'weatherStation', 1, 0, 0, 0, NULL);
INSERT INTO device (id, date_created, name, code, user_id, active, watering, automatic_watering, default_watering) VALUES(3, '2020-03-22 19:20:00', 'Fucar18', 'fucar18', 1, 1, 1, 1, 2000);
INSERT INTO device (id, date_created, name, code, user_id, active, watering, automatic_watering, default_watering) VALUES(4, '2020-03-25 00:00:00', 'Test', 'test', 1, 1, 1, 1, 2000);


INSERT INTO sensor (id, date_created, name, code, a0, a1, units, sensor_type, watering_trigger, watering_level, device_id, fit_type) VALUES(1, '2020-03-08 00:00:00', 'R - Moisture 1 ( )', 'MOIS_1', 0, 1, NULL, 'Analog', 0, NULL, 1, 'linear');
INSERT INTO sensor (id, date_created, name, code, a0, a1, units, sensor_type, watering_trigger, watering_level, device_id, fit_type) VALUES(2, '2020-03-08 00:00:00', 'R - Moisture 2 ( )', 'MOIS_2', 0, 1, NULL, 'Analog', 0, NULL, 1, 'linear');
INSERT INTO sensor (id, date_created, name, code, a0, a1, units, sensor_type, watering_trigger, watering_level, device_id, fit_type) VALUES(3, '2020-03-08 00:00:00', 'R - External Temperature ( )', 'TEMP', 0, 1, NULL, 'Analog', 0, NULL, 1, 'linear');
INSERT INTO sensor (id, date_created, name, code, a0, a1, units, sensor_type, watering_trigger, watering_level, device_id, fit_type) VALUES(4, '2020-03-08 00:00:00', 'R - Luminosity ( )', 'LIGHT', 0, 1, NULL, 'Analog', 0, NULL, 1, 'linear');
INSERT INTO sensor (id, date_created, name, code, a0, a1, units, sensor_type, watering_trigger, watering_level, device_id, fit_type) VALUES(5, '2020-03-08 00:00:00', 'R - Current ( )', 'NONE_1', 0, 1, NULL, 'Analog', 0, NULL, 1, 'linear');
INSERT INTO sensor (id, date_created, name, code, a0, a1, units, sensor_type, watering_trigger, watering_level, device_id, fit_type) VALUES(6, '2020-03-10 00:00:00', 'W - Temperature (C)', 'wTEMP', 0, 1, NULL, 'BME280', 0, NULL, 2, 'linear');
INSERT INTO sensor (id, date_created, name, code, a0, a1, units, sensor_type, watering_trigger, watering_level, device_id, fit_type) VALUES(7, '2020-03-10 00:00:00', 'W - Humidity (%)', 'wHUMI', 0, 1, NULL, 'BME280', 0, NULL, 2, 'linear');
INSERT INTO sensor (id, date_created, name, code, a0, a1, units, sensor_type, watering_trigger, watering_level, device_id, fit_type) VALUES(8, '2020-03-10 00:00:00', 'W - Est. Altitude (m)', 'wALTI', 0, 1, NULL, 'BME280', 0, NULL, 2, 'linear');
INSERT INTO sensor (id, date_created, name, code, a0, a1, units, sensor_type, watering_trigger, watering_level, device_id, fit_type) VALUES(9, '2020-03-10 00:00:00', 'W - Pressure (hPa)', 'wPRES', 0, 1, NULL, 'BME280', 0, NULL, 2, 'linear');
INSERT INTO sensor (id, date_created, name, code, a0, a1, units, sensor_type, watering_trigger, watering_level, device_id, fit_type) VALUES(10, '2020-03-10 00:00:00', 'W - CO2 (ppm)', 'weCO2', 0, 1, NULL, 'CCS811', 0, NULL, 2, 'linear');
INSERT INTO sensor (id, date_created, name, code, a0, a1, units, sensor_type, watering_trigger, watering_level, device_id, fit_type) VALUES(11, '2020-03-10 00:00:00', 'W - TVOC ( )', 'wTVOC', 0, 1, NULL, 'CCS811', 0, NULL, 2, 'linear');
INSERT INTO sensor (id, date_created, name, code, a0, a1, units, sensor_type, watering_trigger, watering_level, device_id, fit_type) VALUES(12, '2020-03-11 00:00:00', 'W - PM2.5 (ug/m3)', 'wPM25', 0, 1, NULL, 'SDS011', 0, NULL, 2, 'linear');
INSERT INTO sensor (id, date_created, name, code, a0, a1, units, sensor_type, watering_trigger, watering_level, device_id, fit_type) VALUES(13, '2020-03-11 00:00:00', 'W - PM10 (ug/m3)', 'wPM10', 0, 1, NULL, 'SDS011', 0, NULL, 2, 'linear');
INSERT INTO sensor (id, date_created, name, code, a0, a1, units, sensor_type, watering_trigger, watering_level, device_id, fit_type) VALUES(14, '2020-03-22 19:20:00', 'SOL Voltage', 'fVOLT', 0.03805990683992502, 0.00501914495049439, 'V', 'Analog', 0, NULL, 3, 'linear');
INSERT INTO sensor (id, date_created, name, code, a0, a1, units, sensor_type, watering_trigger, watering_level, device_id, fit_type) VALUES(15, '2020-03-22 19:20:00', 'SOL Current', 'fCURRENT', 3364.9451609277235, -1.7768966098515733, 'mA', 'Analog', 0, NULL, 3, 'linear');
INSERT INTO sensor (id, date_created, name, code, a0, a1, units, sensor_type, watering_trigger, watering_level, device_id, fit_type) VALUES(16, '2020-03-22 19:20:00', 'SOL Luminosity', 'fLIGHT', -2879.607464329024, 3.357636843216276, 'lux', 'Analog', 0, NULL, 3, 'linear');
INSERT INTO sensor (id, date_created, name, code, a0, a1, units, sensor_type, watering_trigger, watering_level, device_id, fit_type) VALUES(17, '2020-03-23 21:07:00', 'SOL Power', 'fPOWE', 0, 1, '%', 'Analog', 0, NULL, 3, 'linear');
INSERT INTO sensor (id, date_created, name, code, a0, a1, units, sensor_type, watering_trigger, watering_level, device_id, fit_type) VALUES(18, '2020-03-22 19:20:00', 'Moisture Olmo', 'fMOIS1', 100, -0.0244200244200244, '%', 'Capacitive', 1, 1351.350000000001, 3, 'linear');
INSERT INTO sensor (id, date_created, name, code, a0, a1, units, sensor_type, watering_trigger, watering_level, device_id, fit_type) VALUES(19, '2020-03-22 19:20:00', 'Moisture Parra', 'fMOIS2', 100, -0.0244200244200244, '%', 'Capacitive', 1, 1023.7500000000009, 3, 'linear');
INSERT INTO sensor (id, date_created, name, code, a0, a1, units, sensor_type, watering_trigger, watering_level, device_id, fit_type) VALUES(20, '2020-03-22 19:20:00', 'PM10', 'fPM10', 0, 1, 'ug/m3', 'SDS011', 0, NULL, 3, 'linear');
INSERT INTO sensor (id, date_created, name, code, a0, a1, units, sensor_type, watering_trigger, watering_level, device_id, fit_type) VALUES(21, '2020-03-22 19:20:00', 'PM2.5', 'fPM25', 0, 1, 'ug/m3', 'SDS011', 0, NULL, 3, 'linear');
INSERT INTO sensor (id, date_created, name, code, a0, a1, units, sensor_type, watering_trigger, watering_level, device_id, fit_type) VALUES(22, '2020-03-22 19:20:00', 'Est. Altitude', 'fALTI', 0, 1, 'm', 'BME280', 0, NULL, 3, 'linear');
INSERT INTO sensor (id, date_created, name, code, a0, a1, units, sensor_type, watering_trigger, watering_level, device_id, fit_type) VALUES(23, '2020-03-22 19:20:00', 'Pressure ', 'fPRES', 0, 1, 'hPa', 'BME280', 0, NULL, 3, 'linear');
INSERT INTO sensor (id, date_created, name, code, a0, a1, units, sensor_type, watering_trigger, watering_level, device_id, fit_type) VALUES(24, '2020-03-22 19:20:00', 'Humidity', 'fHUMI', 0, 1, '%', 'BME280', 0, NULL, 3, 'linear');
INSERT INTO sensor (id, date_created, name, code, a0, a1, units, sensor_type, watering_trigger, watering_level, device_id, fit_type) VALUES(25, '2020-03-22 19:20:00', 'Temperature', 'fTEMP', 0, 1, '*C', 'BME280', 0, NULL, 3, 'linear');
INSERT INTO sensor (id, date_created, name, code, a0, a1, units, sensor_type, watering_trigger, watering_level, device_id, fit_type) VALUES(26, '2020-03-23 21:07:00', 'BAT Voltage', 'fBATT', 0.7252141591079879, 0.00421303580661554, 'V', 'Analog', 0, NULL, 3, 'linear');
INSERT INTO sensor (id, date_created, name, code, a0, a1, units, sensor_type, watering_trigger, watering_level, device_id, fit_type) VALUES(27, '2020-03-22 22:00:00', 'Test sensor', 'fTEST', 0, 1, 'CV', 'Test', 1, 1000, 4, 'linear');


INSERT INTO water_log (id, date_created, duration, device_code) VALUES(1, '2020-03-27 20:23:24.954735', 1256, 'test');
INSERT INTO water_log (id, date_created, duration, device_code) VALUES(2, '2020-03-27 20:30:13.759452', 3500, 'fucar18');
INSERT INTO water_log (id, date_created, duration, device_code) VALUES(3, '2020-03-28 00:01:50.193932', 1000, 'fucar18');


INSERT INTO water_request (id, date_created, pending, duration, device_code, creator) VALUES(1, '2020-03-27 19:41:19.443861', 0, 1256, 'test', 'Auto');
INSERT INTO water_request (id, date_created, pending, duration, device_code, creator) VALUES(2, '2020-03-27 20:19:16.524648', 1, 2000, 'test', 'Auto');
INSERT INTO water_request (id, date_created, pending, duration, device_code, creator) VALUES(3, '2020-03-27 20:20:20.184251', 1, 2000, 'test', 'Auto');
INSERT INTO water_request (id, date_created, pending, duration, device_code, creator) VALUES(4, '2020-03-27 20:25:40.176691', 0, 3500, 'fucar18', 'Web');
INSERT INTO water_request (id, date_created, pending, duration, device_code, creator) VALUES(5, '2020-03-27 23:32:25.448478', 0, 1000, 'fucar18', 'Web');
INSERT INTO water_request (id, date_created, pending, duration, device_code, creator) VALUES(6, '2020-03-28 10:13:07.982798', 1, 2000, 'test', 'Auto');
INSERT INTO water_request (id, date_created, pending, duration, device_code, creator) VALUES(7, '2020-03-29 07:30:46.604959', 1, 2000, 'test', 'Auto');


INSERT INTO event (id, date_created, value, boot, real_value, user_id, sensor_code, device_code) VALUES(464, '2020-03-24 13:37:44.561435', 2756.5, 6, NULL, '1', 'fLIGHT', 'fucar18');
INSERT INTO event (id, date_created, value, boot, real_value, user_id, sensor_code, device_code) VALUES(465, '2020-03-24 13:37:44.598333', 1884.33, 6, NULL, '1', 'fCURRENT', 'fucar18');
INSERT INTO event (id, date_created, value, boot, real_value, user_id, sensor_code, device_code) VALUES(466, '2020-03-24 13:37:44.639373', 942.79, 6, NULL, '1', 'fVOLT', 'fucar18');
INSERT INTO event (id, date_created, value, boot, real_value, user_id, sensor_code, device_code) VALUES(467, '2020-03-24 13:37:44.683743', 1776527, 6, NULL, '1', 'fPOWE', 'fucar18');
INSERT INTO event (id, date_created, value, boot, real_value, user_id, sensor_code, device_code) VALUES(468, '2020-03-24 13:37:44.713206', 786.53, 6, NULL, '1', 'fBATT', 'fucar18');
INSERT INTO event (id, date_created, value, boot, real_value, user_id, sensor_code, device_code) VALUES(469, '2020-03-24 14:08:28.325639', 16.5991, 7, NULL, '1', 'fTEMP', 'fucar18');
INSERT INTO event (id, date_created, value, boot, real_value, user_id, sensor_code, device_code) VALUES(470, '2020-03-24 14:08:28.371450', 43.8735, 7, NULL, '1', 'fHUMI', 'fucar18');
INSERT INTO event (id, date_created, value, boot, real_value, user_id, sensor_code, device_code) VALUES(471, '2020-03-24 14:08:28.400594', 939.4311, 7, NULL, '1', 'fPRES', 'fucar18');
INSERT INTO event (id, date_created, value, boot, real_value, user_id, sensor_code, device_code) VALUES(472, '2020-03-24 14:08:28.441291', 633.5612, 7, NULL, '1', 'fALTI', 'fucar18');
INSERT INTO event (id, date_created, value, boot, real_value, user_id, sensor_code, device_code) VALUES(473, '2020-03-24 14:08:28.477901', 0, 7, NULL, '1', 'fPM25', 'fucar18');
INSERT INTO event (id, date_created, value, boot, real_value, user_id, sensor_code, device_code) VALUES(474, '2020-03-24 14:08:28.511887', 0, 7, NULL, '1', 'fPM10', 'fucar18');
INSERT INTO event (id, date_created, value, boot, real_value, user_id, sensor_code, device_code) VALUES(475, '2020-03-24 14:08:28.538304', 1292.3, 7, NULL, '1', 'fMOIS1', 'fucar18');
INSERT INTO event (id, date_created, value, boot, real_value, user_id, sensor_code, device_code) VALUES(476, '2020-03-24 14:08:28.567153', 970.03, 7, NULL, '1', 'fMOIS2', 'fucar18');
INSERT INTO event (id, date_created, value, boot, real_value, user_id, sensor_code, device_code) VALUES(477, '2020-03-24 14:08:28.617776', 2327.84, 7, NULL, '1', 'fLIGHT', 'fucar18');
INSERT INTO event (id, date_created, value, boot, real_value, user_id, sensor_code, device_code) VALUES(478, '2020-03-24 14:08:28.651583', 1881.12, 7, NULL, '1', 'fCURRENT', 'fucar18');
INSERT INTO event (id, date_created, value, boot, real_value, user_id, sensor_code, device_code) VALUES(479, '2020-03-24 14:08:28.679749', 873.62, 7, NULL, '1', 'fVOLT', 'fucar18');
INSERT INTO event (id, date_created, value, boot, real_value, user_id, sensor_code, device_code) VALUES(480, '2020-03-24 14:08:28.706909', 1643384, 7, NULL, '1', 'fPOWE', 'fucar18');
INSERT INTO event (id, date_created, value, boot, real_value, user_id, sensor_code, device_code) VALUES(481, '2020-03-24 14:08:28.730979', 788.21, 7, NULL, '1', 'fBATT', 'fucar18');
INSERT INTO event (id, date_created, value, boot, real_value, user_id, sensor_code, device_code) VALUES(482, '2020-03-24 14:39:14.553582', 16.36251, 8, NULL, '1', 'fTEMP', 'fucar18');
INSERT INTO event (id, date_created, value, boot, real_value, user_id, sensor_code, device_code) VALUES(483, '2020-03-24 14:39:14.583450', 44.31404, 8, NULL, '1', 'fHUMI', 'fucar18');
INSERT INTO event (id, date_created, value, boot, real_value, user_id, sensor_code, device_code) VALUES(484, '2020-03-24 14:39:14.613393', 939.2592, 8, NULL, '1', 'fPRES', 'fucar18');
INSERT INTO event (id, date_created, value, boot, real_value, user_id, sensor_code, device_code) VALUES(485, '2020-03-24 14:39:14.701204', 635.0795, 8, NULL, '1', 'fALTI', 'fucar18');
INSERT INTO event (id, date_created, value, boot, real_value, user_id, sensor_code, device_code) VALUES(486, '2020-03-24 14:39:14.749962', 0, 8, NULL, '1', 'fPM25', 'fucar18');
INSERT INTO event (id, date_created, value, boot, real_value, user_id, sensor_code, device_code) VALUES(487, '2020-03-24 14:39:14.775767', 0, 8, NULL, '1', 'fPM10', 'fucar18');
INSERT INTO event (id, date_created, value, boot, real_value, user_id, sensor_code, device_code) VALUES(488, '2020-03-24 14:39:14.799409', 1293.93, 8, NULL, '1', 'fMOIS1', 'fucar18');
INSERT INTO event (id, date_created, value, boot, real_value, user_id, sensor_code, device_code) VALUES(489, '2020-03-24 14:39:14.832047', 973.32, 8, NULL, '1', 'fMOIS2', 'fucar18');
INSERT INTO event (id, date_created, value, boot, real_value, user_id, sensor_code, device_code) VALUES(490, '2020-03-24 14:39:14.860253', 2575.31, 8, NULL, '1', 'fLIGHT', 'fucar18');
INSERT INTO event (id, date_created, value, boot, real_value, user_id, sensor_code, device_code) VALUES(491, '2020-03-24 14:39:14.882900', 1882.54, 8, NULL, '1', 'fCURRENT', 'fucar18');
INSERT INTO event (id, date_created, value, boot, real_value, user_id, sensor_code, device_code) VALUES(492, '2020-03-24 14:39:14.907540', 900.34, 8, NULL, '1', 'fVOLT', 'fucar18');
INSERT INTO event (id, date_created, value, boot, real_value, user_id, sensor_code, device_code) VALUES(493, '2020-03-24 14:39:14.930099', 1694926, 8, NULL, '1', 'fPOWE', 'fucar18');
INSERT INTO event (id, date_created, value, boot, real_value, user_id, sensor_code, device_code) VALUES(494, '2020-03-24 14:39:14.954547', 786.22, 8, NULL, '1', 'fBATT', 'fucar18');
INSERT INTO event (id, date_created, value, boot, real_value, user_id, sensor_code, device_code) VALUES(495, '2020-03-24 15:10:01.011343', 16.24962, 9, NULL, '1', 'fTEMP', 'fucar18');
INSERT INTO event (id, date_created, value, boot, real_value, user_id, sensor_code, device_code) VALUES(496, '2020-03-24 15:10:01.047159', 45.09101, 9, NULL, '1', 'fHUMI', 'fucar18');
INSERT INTO event (id, date_created, value, boot, real_value, user_id, sensor_code, device_code) VALUES(497, '2020-03-24 15:10:01.077845', 939.1549, 9, NULL, '1', 'fPRES', 'fucar18');
INSERT INTO event (id, date_created, value, boot, real_value, user_id, sensor_code, device_code) VALUES(498, '2020-03-24 15:10:01.111569', 636.0048, 9, NULL, '1', 'fALTI', 'fucar18');
INSERT INTO event (id, date_created, value, boot, real_value, user_id, sensor_code, device_code) VALUES(499, '2020-03-24 15:10:01.143756', 0, 9, NULL, '1', 'fPM25', 'fucar18');
INSERT INTO event (id, date_created, value, boot, real_value, user_id, sensor_code, device_code) VALUES(500, '2020-03-24 15:10:01.172207', 0, 9, NULL, '1', 'fPM10', 'fucar18');
INSERT INTO event (id, date_created, value, boot, real_value, user_id, sensor_code, device_code) VALUES(501, '2020-03-24 15:10:01.205303', 1294.81, 9, NULL, '1', 'fMOIS1', 'fucar18');
INSERT INTO event (id, date_created, value, boot, real_value, user_id, sensor_code, device_code) VALUES(502, '2020-03-24 15:10:01.236531', 973.29, 9, NULL, '1', 'fMOIS2', 'fucar18');
INSERT INTO event (id, date_created, value, boot, real_value, user_id, sensor_code, device_code) VALUES(503, '2020-03-24 15:10:01.266514', 2353.19, 9, NULL, '1', 'fLIGHT', 'fucar18');
INSERT INTO event (id, date_created, value, boot, real_value, user_id, sensor_code, device_code) VALUES(504, '2020-03-24 15:10:01.293958', 1884.34, 9, NULL, '1', 'fCURRENT', 'fucar18');
INSERT INTO event (id, date_created, value, boot, real_value, user_id, sensor_code, device_code) VALUES(505, '2020-03-24 15:10:01.320633', 881.41, 9, NULL, '1', 'fVOLT', 'fucar18');
INSERT INTO event (id, date_created, value, boot, real_value, user_id, sensor_code, device_code) VALUES(506, '2020-03-24 15:10:01.349483', 1660876, 9, NULL, '1', 'fPOWE', 'fucar18');
INSERT INTO event (id, date_created, value, boot, real_value, user_id, sensor_code, device_code) VALUES(507, '2020-03-24 15:10:01.376135', 788.57, 9, NULL, '1', 'fBATT', 'fucar18');
INSERT INTO event (id, date_created, value, boot, real_value, user_id, sensor_code, device_code) VALUES(508, '2020-03-24 15:40:47.998243', 16.0692, 10, NULL, '1', 'fTEMP', 'fucar18');
INSERT INTO event (id, date_created, value, boot, real_value, user_id, sensor_code, device_code) VALUES(509, '2020-03-24 15:40:48.058906', 45.03415, 10, NULL, '1', 'fHUMI', 'fucar18');
INSERT INTO event (id, date_created, value, boot, real_value, user_id, sensor_code, device_code) VALUES(510, '2020-03-24 15:40:48.092298', 939.0881, 10, NULL, '1', 'fPRES', 'fucar18');
INSERT INTO event (id, date_created, value, boot, real_value, user_id, sensor_code, device_code) VALUES(511, '2020-03-24 15:40:48.122508', 636.5969, 10, NULL, '1', 'fALTI', 'fucar18');
INSERT INTO event (id, date_created, value, boot, real_value, user_id, sensor_code, device_code) VALUES(512, '2020-03-24 15:40:48.156711', 0, 10, NULL, '1', 'fPM25', 'fucar18');
INSERT INTO event (id, date_created, value, boot, real_value, user_id, sensor_code, device_code) VALUES(513, '2020-03-24 15:40:48.200822', 0, 10, NULL, '1', 'fPM10', 'fucar18');
INSERT INTO event (id, date_created, value, boot, real_value, user_id, sensor_code, device_code) VALUES(514, '2020-03-24 15:40:48.235470', 1292.63, 10, NULL, '1', 'fMOIS1', 'fucar18');
INSERT INTO event (id, date_created, value, boot, real_value, user_id, sensor_code, device_code) VALUES(515, '2020-03-24 15:40:48.268056', 971.9, 10, NULL, '1', 'fMOIS2', 'fucar18');
INSERT INTO event (id, date_created, value, boot, real_value, user_id, sensor_code, device_code) VALUES(516, '2020-03-24 15:40:48.307024', 2186.86, 10, NULL, '1', 'fLIGHT', 'fucar18');
INSERT INTO event (id, date_created, value, boot, real_value, user_id, sensor_code, device_code) VALUES(517, '2020-03-24 15:40:48.347461', 1882.79, 10, NULL, '1', 'fCURRENT', 'fucar18');
INSERT INTO event (id, date_created, value, boot, real_value, user_id, sensor_code, device_code) VALUES(518, '2020-03-24 15:40:48.378260', 852.5, 10, NULL, '1', 'fVOLT', 'fucar18');
INSERT INTO event (id, date_created, value, boot, real_value, user_id, sensor_code, device_code) VALUES(519, '2020-03-24 15:40:48.414593', 1605079, 10, NULL, '1', 'fPOWE', 'fucar18');
INSERT INTO event (id, date_created, value, boot, real_value, user_id, sensor_code, device_code) VALUES(520, '2020-03-24 15:40:48.443366', 786.97, 10, NULL, '1', 'fBATT', 'fucar18');
INSERT INTO event (id, date_created, value, boot, real_value, user_id, sensor_code, device_code) VALUES(521, '2020-03-24 16:11:32.375456', 16.05519, 11, NULL, '1', 'fTEMP', 'fucar18');
INSERT INTO event (id, date_created, value, boot, real_value, user_id, sensor_code, device_code) VALUES(522, '2020-03-24 16:11:32.418639', 49.02224, 11, NULL, '1', 'fHUMI', 'fucar18');
INSERT INTO event (id, date_created, value, boot, real_value, user_id, sensor_code, device_code) VALUES(523, '2020-03-24 16:11:32.447351', 939.1647, 11, NULL, '1', 'fPRES', 'fucar18');
INSERT INTO event (id, date_created, value, boot, real_value, user_id, sensor_code, device_code) VALUES(524, '2020-03-24 16:11:32.485712', 635.9159, 11, NULL, '1', 'fALTI', 'fucar18');
INSERT INTO event (id, date_created, value, boot, real_value, user_id, sensor_code, device_code) VALUES(525, '2020-03-24 16:11:32.523196', 0, 11, NULL, '1', 'fPM25', 'fucar18');
INSERT INTO event (id, date_created, value, boot, real_value, user_id, sensor_code, device_code) VALUES(526, '2020-03-24 16:11:32.558676', 0, 11, NULL, '1', 'fPM10', 'fucar18');
INSERT INTO event (id, date_created, value, boot, real_value, user_id, sensor_code, device_code) VALUES(527, '2020-03-24 16:11:32.590015', 1292.57, 11, NULL, '1', 'fMOIS1', 'fucar18');
INSERT INTO event (id, date_created, value, boot, real_value, user_id, sensor_code, device_code) VALUES(528, '2020-03-24 16:11:32.617721', 968.29, 11, NULL, '1', 'fMOIS2', 'fucar18');
INSERT INTO event (id, date_created, value, boot, real_value, user_id, sensor_code, device_code) VALUES(529, '2020-03-24 16:11:32.644004', 2375.15, 11, NULL, '1', 'fLIGHT', 'fucar18');
INSERT INTO event (id, date_created, value, boot, real_value, user_id, sensor_code, device_code) VALUES(530, '2020-03-24 16:11:32.671132', 1883.21, 11, NULL, '1', 'fCURRENT', 'fucar18');
INSERT INTO event (id, date_created, value, boot, real_value, user_id, sensor_code, device_code) VALUES(531, '2020-03-24 16:11:32.697533', 879.19, 11, NULL, '1', 'fVOLT', 'fucar18');
INSERT INTO event (id, date_created, value, boot, real_value, user_id, sensor_code, device_code) VALUES(532, '2020-03-24 16:11:32.725460', 1655699, 11, NULL, '1', 'fPOWE', 'fucar18');
INSERT INTO event (id, date_created, value, boot, real_value, user_id, sensor_code, device_code) VALUES(533, '2020-03-24 16:11:32.753579', 788.54, 11, NULL, '1', 'fBATT', 'fucar18');
INSERT INTO event (id, date_created, value, boot, real_value, user_id, sensor_code, device_code) VALUES(534, '2020-03-24 16:42:15.671685', 15.92579, 12, NULL, '1', 'fTEMP', 'fucar18');
INSERT INTO event (id, date_created, value, boot, real_value, user_id, sensor_code, device_code) VALUES(535, '2020-03-24 16:42:15.711332', 50.75415, 12, NULL, '1', 'fHUMI', 'fucar18');
INSERT INTO event (id, date_created, value, boot, real_value, user_id, sensor_code, device_code) VALUES(536, '2020-03-24 16:42:15.739551', 939.2587, 12, NULL, '1', 'fPRES', 'fucar18');
INSERT INTO event (id, date_created, value, boot, real_value, user_id, sensor_code, device_code) VALUES(537, '2020-03-24 16:42:15.770862', 635.0881, 12, NULL, '1', 'fALTI', 'fucar18');
INSERT INTO event (id, date_created, value, boot, real_value, user_id, sensor_code, device_code) VALUES(538, '2020-03-24 16:42:15.807484', 0, 12, NULL, '1', 'fPM25', 'fucar18');
INSERT INTO event (id, date_created, value, boot, real_value, user_id, sensor_code, device_code) VALUES(539, '2020-03-24 16:42:15.847460', 0, 12, NULL, '1', 'fPM10', 'fucar18');
INSERT INTO event (id, date_created, value, boot, real_value, user_id, sensor_code, device_code) VALUES(540, '2020-03-24 16:42:15.873164', 1287.1, 12, NULL, '1', 'fMOIS1', 'fucar18');
INSERT INTO event (id, date_created, value, boot, real_value, user_id, sensor_code, device_code) VALUES(541, '2020-03-24 16:42:15.904019', 972.24, 12, NULL, '1', 'fMOIS2', 'fucar18');
INSERT INTO event (id, date_created, value, boot, real_value, user_id, sensor_code, device_code) VALUES(542, '2020-03-24 16:42:15.933489', 1478.31, 12, NULL, '1', 'fLIGHT', 'fucar18');
INSERT INTO event (id, date_created, value, boot, real_value, user_id, sensor_code, device_code) VALUES(543, '2020-03-24 16:42:15.960864', 1880.47, 12, NULL, '1', 'fCURRENT', 'fucar18');
INSERT INTO event (id, date_created, value, boot, real_value, user_id, sensor_code, device_code) VALUES(544, '2020-03-24 16:42:15.988059', 803, 12, NULL, '1', 'fVOLT', 'fucar18');
INSERT INTO event (id, date_created, value, boot, real_value, user_id, sensor_code, device_code) VALUES(545, '2020-03-24 16:42:16.014824', 1510017, 12, NULL, '1', 'fPOWE', 'fucar18');
INSERT INTO event (id, date_created, value, boot, real_value, user_id, sensor_code, device_code) VALUES(546, '2020-03-24 16:42:16.042035', 784.14, 12, NULL, '1', 'fBATT', 'fucar18');
INSERT INTO event (id, date_created, value, boot, real_value, user_id, sensor_code, device_code) VALUES(547, '2020-03-24 17:13:00.728909', 15.61821, 13, NULL, '1', 'fTEMP', 'fucar18');
INSERT INTO event (id, date_created, value, boot, real_value, user_id, sensor_code, device_code) VALUES(548, '2020-03-24 17:13:00.780493', 51.25158, 13, NULL, '1', 'fHUMI', 'fucar18');
INSERT INTO event (id, date_created, value, boot, real_value, user_id, sensor_code, device_code) VALUES(549, '2020-03-24 17:13:00.815163', 939.382, 13, NULL, '1', 'fPRES', 'fucar18');
INSERT INTO event (id, date_created, value, boot, real_value, user_id, sensor_code, device_code) VALUES(550, '2020-03-24 17:13:00.858923', 633.9947, 13, NULL, '1', 'fALTI', 'fucar18');
INSERT INTO event (id, date_created, value, boot, real_value, user_id, sensor_code, device_code) VALUES(551, '2020-03-24 17:13:00.910614', 0, 13, NULL, '1', 'fPM25', 'fucar18');
INSERT INTO event (id, date_created, value, boot, real_value, user_id, sensor_code, device_code) VALUES(552, '2020-03-24 17:13:00.950332', 0, 13, NULL, '1', 'fPM10', 'fucar18');
INSERT INTO event (id, date_created, value, boot, real_value, user_id, sensor_code, device_code) VALUES(553, '2020-03-24 17:13:01.001678', 1291.97, 13, NULL, '1', 'fMOIS1', 'fucar18');
INSERT INTO event (id, date_created, value, boot, real_value, user_id, sensor_code, device_code) VALUES(554, '2020-03-24 17:13:01.051630', 973.63, 13, NULL, '1', 'fMOIS2', 'fucar18');
INSERT INTO event (id, date_created, value, boot, real_value, user_id, sensor_code, device_code) VALUES(555, '2020-03-24 17:13:01.097004', 1459.12, 13, NULL, '1', 'fLIGHT', 'fucar18');
INSERT INTO event (id, date_created, value, boot, real_value, user_id, sensor_code, device_code) VALUES(556, '2020-03-24 17:13:01.143120', 1885.09, 13, NULL, '1', 'fCURRENT', 'fucar18');
INSERT INTO event (id, date_created, value, boot, real_value, user_id, sensor_code, device_code) VALUES(557, '2020-03-24 17:13:01.179701', 804.47, 13, NULL, '1', 'fVOLT', 'fucar18');
INSERT INTO event (id, date_created, value, boot, real_value, user_id, sensor_code, device_code) VALUES(558, '2020-03-24 17:13:01.208914', 1516498, 13, NULL, '1', 'fPOWE', 'fucar18');
INSERT INTO event (id, date_created, value, boot, real_value, user_id, sensor_code, device_code) VALUES(559, '2020-03-24 17:13:01.238482', 786.4, 13, NULL, '1', 'fBATT', 'fucar18');
INSERT INTO event (id, date_created, value, boot, real_value, user_id, sensor_code, device_code) VALUES(560, '2020-03-24 17:43:44.247474', 15.41068, 14, NULL, '1', 'fTEMP', 'fucar18');
INSERT INTO event (id, date_created, value, boot, real_value, user_id, sensor_code, device_code) VALUES(561, '2020-03-24 17:43:44.289709', 52.81195, 14, NULL, '1', 'fHUMI', 'fucar18');
INSERT INTO event (id, date_created, value, boot, real_value, user_id, sensor_code, device_code) VALUES(562, '2020-03-24 17:43:44.323670', 939.6746, 14, NULL, '1', 'fPRES', 'fucar18');
INSERT INTO event (id, date_created, value, boot, real_value, user_id, sensor_code, device_code) VALUES(563, '2020-03-24 17:43:44.351193', 631.4058, 14, NULL, '1', 'fALTI', 'fucar18');
INSERT INTO event (id, date_created, value, boot, real_value, user_id, sensor_code, device_code) VALUES(564, '2020-03-24 17:43:44.378674', 0, 14, NULL, '1', 'fPM25', 'fucar18');
INSERT INTO event (id, date_created, value, boot, real_value, user_id, sensor_code, device_code) VALUES(565, '2020-03-24 17:43:44.409374', 0, 14, NULL, '1', 'fPM10', 'fucar18');
INSERT INTO event (id, date_created, value, boot, real_value, user_id, sensor_code, device_code) VALUES(566, '2020-03-24 17:43:44.435351', 1298.5, 14, NULL, '1', 'fMOIS1', 'fucar18');
INSERT INTO event (id, date_created, value, boot, real_value, user_id, sensor_code, device_code) VALUES(567, '2020-03-24 17:43:44.463594', 970.53, 14, NULL, '1', 'fMOIS2', 'fucar18');
INSERT INTO event (id, date_created, value, boot, real_value, user_id, sensor_code, device_code) VALUES(568, '2020-03-24 17:43:44.507486', 672.23, 14, NULL, '1', 'fLIGHT', 'fucar18');
INSERT INTO event (id, date_created, value, boot, real_value, user_id, sensor_code, device_code) VALUES(569, '2020-03-24 17:43:44.540206', 1881.95, 14, NULL, '1', 'fCURRENT', 'fucar18');
INSERT INTO event (id, date_created, value, boot, real_value, user_id, sensor_code, device_code) VALUES(570, '2020-03-24 17:43:44.575756', 458.77, 14, NULL, '1', 'fVOLT', 'fucar18');
INSERT INTO event (id, date_created, value, boot, real_value, user_id, sensor_code, device_code) VALUES(571, '2020-03-24 17:43:44.612660', 863382.2, 14, NULL, '1', 'fPOWE', 'fucar18');
INSERT INTO event (id, date_created, value, boot, real_value, user_id, sensor_code, device_code) VALUES(572, '2020-03-24 17:43:44.643107', 782.11, 14, NULL, '1', 'fBATT', 'fucar18');
INSERT INTO event (id, date_created, value, boot, real_value, user_id, sensor_code, device_code) VALUES(573, '2020-03-24 18:14:28.261832', 15.09271, 1, NULL, '1', 'fTEMP', 'fucar18');
INSERT INTO event (id, date_created, value, boot, real_value, user_id, sensor_code, device_code) VALUES(574, '2020-03-24 18:14:28.309012', 53.87103, 1, NULL, '1', 'fHUMI', 'fucar18');
INSERT INTO event (id, date_created, value, boot, real_value, user_id, sensor_code, device_code) VALUES(575, '2020-03-24 18:14:28.352599', 940.0087, 1, NULL, '1', 'fPRES', 'fucar18');
INSERT INTO event (id, date_created, value, boot, real_value, user_id, sensor_code, device_code) VALUES(576, '2020-03-24 18:14:28.415194', 628.4464, 1, NULL, '1', 'fALTI', 'fucar18');
INSERT INTO event (id, date_created, value, boot, real_value, user_id, sensor_code, device_code) VALUES(577, '2020-03-24 18:14:28.446620', 0, 1, NULL, '1', 'fPM25', 'fucar18');
INSERT INTO event (id, date_created, value, boot, real_value, user_id, sensor_code, device_code) VALUES(578, '2020-03-24 18:14:28.486483', 0, 1, NULL, '1', 'fPM10', 'fucar18');
INSERT INTO event (id, date_created, value, boot, real_value, user_id, sensor_code, device_code) VALUES(579, '2020-03-24 18:14:28.517899', 1292.75, 1, NULL, '1', 'fMOIS1', 'fucar18');
INSERT INTO event (id, date_created, value, boot, real_value, user_id, sensor_code, device_code) VALUES(580, '2020-03-24 18:14:28.547660', 971.47, 1, NULL, '1', 'fMOIS2', 'fucar18');
INSERT INTO event (id, date_created, value, boot, real_value, user_id, sensor_code, device_code) VALUES(581, '2020-03-24 18:14:28.574791', 319.55, 1, NULL, '1', 'fLIGHT', 'fucar18');
INSERT INTO event (id, date_created, value, boot, real_value, user_id, sensor_code, device_code) VALUES(582, '2020-03-24 18:14:28.603768', 1876.98, 1, NULL, '1', 'fCURRENT', 'fucar18');
INSERT INTO event (id, date_created, value, boot, real_value, user_id, sensor_code, device_code) VALUES(583, '2020-03-24 18:14:28.646907', 0, 1, NULL, '1', 'fVOLT', 'fucar18');
INSERT INTO event (id, date_created, value, boot, real_value, user_id, sensor_code, device_code) VALUES(584, '2020-03-24 18:14:28.680040', 0, 1, NULL, '1', 'fPOWE', 'fucar18');
INSERT INTO event (id, date_created, value, boot, real_value, user_id, sensor_code, device_code) VALUES(585, '2020-03-24 18:14:28.716063', 781.92, 1, NULL, '1', 'fBATT', 'fucar18');
INSERT INTO event (id, date_created, value, boot, real_value, user_id, sensor_code, device_code) VALUES(586, '2020-03-24 18:16:59.400963', 14.9355, 1, NULL, '1', 'fTEMP', 'fucar18');
INSERT INTO event (id, date_created, value, boot, real_value, user_id, sensor_code, device_code) VALUES(587, '2020-03-24 18:16:59.433301', 53.76926, 1, NULL, '1', 'fHUMI', 'fucar18');
INSERT INTO event (id, date_created, value, boot, real_value, user_id, sensor_code, device_code) VALUES(588, '2020-03-24 18:16:59.468042', 940.0467, 1, NULL, '1', 'fPRES', 'fucar18');
INSERT INTO event (id, date_created, value, boot, real_value, user_id, sensor_code, device_code) VALUES(589, '2020-03-24 18:16:59.514060', 628.114, 1, NULL, '1', 'fALTI', 'fucar18');
INSERT INTO event (id, date_created, value, boot, real_value, user_id, sensor_code, device_code) VALUES(590, '2020-03-24 18:16:59.558543', 0, 1, NULL, '1', 'fPM25', 'fucar18');
INSERT INTO event (id, date_created, value, boot, real_value, user_id, sensor_code, device_code) VALUES(591, '2020-03-24 18:16:59.596311', 0, 1, NULL, '1', 'fPM10', 'fucar18');
INSERT INTO event (id, date_created, value, boot, real_value, user_id, sensor_code, device_code) VALUES(592, '2020-03-24 18:16:59.641107', 1288.27, 1, NULL, '1', 'fMOIS1', 'fucar18');
INSERT INTO event (id, date_created, value, boot, real_value, user_id, sensor_code, device_code) VALUES(593, '2020-03-24 18:16:59.670889', 971.2, 1, NULL, '1', 'fMOIS2', 'fucar18');
INSERT INTO event (id, date_created, value, boot, real_value, user_id, sensor_code, device_code) VALUES(594, '2020-03-24 18:16:59.699779', 326.25, 1, NULL, '1', 'fLIGHT', 'fucar18');
INSERT INTO event (id, date_created, value, boot, real_value, user_id, sensor_code, device_code) VALUES(595, '2020-03-24 18:16:59.735486', 1881.73, 1, NULL, '1', 'fCURRENT', 'fucar18');
INSERT INTO event (id, date_created, value, boot, real_value, user_id, sensor_code, device_code) VALUES(596, '2020-03-24 18:16:59.763670', 242.33, 1, NULL, '1', 'fVOLT', 'fucar18');
INSERT INTO event (id, date_created, value, boot, real_value, user_id, sensor_code, device_code) VALUES(597, '2020-03-24 18:16:59.796810', 455999.6, 1, NULL, '1', 'fPOWE', 'fucar18');
INSERT INTO event (id, date_created, value, boot, real_value, user_id, sensor_code, device_code) VALUES(598, '2020-03-24 18:16:59.822369', 782.51, 1, NULL, '1', 'fBATT', 'fucar18');
INSERT INTO event (id, date_created, value, boot, real_value, user_id, sensor_code, device_code) VALUES(599, '2020-03-24 18:22:31.176049', 14.85239, 1, NULL, '1', 'fTEMP', 'fucar18');
INSERT INTO event (id, date_created, value, boot, real_value, user_id, sensor_code, device_code) VALUES(600, '2020-03-24 18:22:31.224680', 53.39242, 1, NULL, '1', 'fHUMI', 'fucar18');
INSERT INTO event (id, date_created, value, boot, real_value, user_id, sensor_code, device_code) VALUES(601, '2020-03-24 18:22:31.254143', 940.0941, 1, NULL, '1', 'fPRES', 'fucar18');
INSERT INTO event (id, date_created, value, boot, real_value, user_id, sensor_code, device_code) VALUES(602, '2020-03-24 18:22:31.293398', 627.6921, 1, NULL, '1', 'fALTI', 'fucar18');
INSERT INTO event (id, date_created, value, boot, real_value, user_id, sensor_code, device_code) VALUES(603, '2020-03-24 18:22:31.322424', 0, 1, NULL, '1', 'fPM25', 'fucar18');
INSERT INTO event (id, date_created, value, boot, real_value, user_id, sensor_code, device_code) VALUES(604, '2020-03-24 18:22:31.351708', 0, 1, NULL, '1', 'fPM10', 'fucar18');
INSERT INTO event (id, date_created, value, boot, real_value, user_id, sensor_code, device_code) VALUES(605, '2020-03-24 18:22:31.379782', 1289.75, 1, NULL, '1', 'fMOIS1', 'fucar18');
INSERT INTO event (id, date_created, value, boot, real_value, user_id, sensor_code, device_code) VALUES(606, '2020-03-24 18:22:31.407362', 967.58, 1, NULL, '1', 'fMOIS2', 'fucar18');
INSERT INTO event (id, date_created, value, boot, real_value, user_id, sensor_code, device_code) VALUES(607, '2020-03-24 18:22:31.434963', 431.91, 1, NULL, '1', 'fLIGHT', 'fucar18');
INSERT INTO event (id, date_created, value, boot, real_value, user_id, sensor_code, device_code) VALUES(608, '2020-03-24 18:22:31.471151', 1878.78, 1, NULL, '1', 'fCURRENT', 'fucar18');
INSERT INTO event (id, date_created, value, boot, real_value, user_id, sensor_code, device_code) VALUES(609, '2020-03-24 18:22:31.503725', 914.43, 1, NULL, '1', 'fVOLT', 'fucar18');
INSERT INTO event (id, date_created, value, boot, real_value, user_id, sensor_code, device_code) VALUES(610, '2020-03-24 18:22:31.532403', 1718013, 1, NULL, '1', 'fPOWE', 'fucar18');
INSERT INTO event (id, date_created, value, boot, real_value, user_id, sensor_code, device_code) VALUES(611, '2020-03-24 18:22:31.581958', 849.32, 1, NULL, '1', 'fBATT', 'fucar18');
INSERT INTO event (id, date_created, value, boot, real_value, user_id, sensor_code, device_code) VALUES(612, '2020-03-24 18:23:55.960665', 14.85001, 1, NULL, '1', 'fTEMP', 'fucar18');
INSERT INTO event (id, date_created, value, boot, real_value, user_id, sensor_code, device_code) VALUES(613, '2020-03-24 18:23:55.999383', 53.38213, 1, NULL, '1', 'fHUMI', 'fucar18');
INSERT INTO event (id, date_created, value, boot, real_value, user_id, sensor_code, device_code) VALUES(614, '2020-03-24 18:23:56.031628', 940.0988, 1, NULL, '1', 'fPRES', 'fucar18');
INSERT INTO event (id, date_created, value, boot, real_value, user_id, sensor_code, device_code) VALUES(615, '2020-03-24 18:23:56.073551', 627.6513, 1, NULL, '1', 'fALTI', 'fucar18');
INSERT INTO event (id, date_created, value, boot, real_value, user_id, sensor_code, device_code) VALUES(616, '2020-03-24 18:23:56.104925', 0, 1, NULL, '1', 'fPM25', 'fucar18');
INSERT INTO event (id, date_created, value, boot, real_value, user_id, sensor_code, device_code) VALUES(617, '2020-03-24 18:23:56.143818', 0, 1, NULL, '1', 'fPM10', 'fucar18');
INSERT INTO event (id, date_created, value, boot, real_value, user_id, sensor_code, device_code) VALUES(618, '2020-03-24 18:23:56.185925', 1291.35, 1, NULL, '1', 'fMOIS1', 'fucar18');
INSERT INTO event (id, date_created, value, boot, real_value, user_id, sensor_code, device_code) VALUES(619, '2020-03-24 18:23:56.218475', 975.36, 1, NULL, '1', 'fMOIS2', 'fucar18');
INSERT INTO event (id, date_created, value, boot, real_value, user_id, sensor_code, device_code) VALUES(620, '2020-03-24 18:23:56.258040', 405.06, 1, NULL, '1', 'fLIGHT', 'fucar18');
INSERT INTO event (id, date_created, value, boot, real_value, user_id, sensor_code, device_code) VALUES(621, '2020-03-24 18:23:56.292364', 1881.32, 1, NULL, '1', 'fCURRENT', 'fucar18');
INSERT INTO event (id, date_created, value, boot, real_value, user_id, sensor_code, device_code) VALUES(622, '2020-03-24 18:23:56.334511', 918.08, 1, NULL, '1', 'fVOLT', 'fucar18');
INSERT INTO event (id, date_created, value, boot, real_value, user_id, sensor_code, device_code) VALUES(623, '2020-03-24 18:23:56.383354', 1727202, 1, NULL, '1', 'fPOWE', 'fucar18');
INSERT INTO event (id, date_created, value, boot, real_value, user_id, sensor_code, device_code) VALUES(624, '2020-03-24 18:23:56.481962', 848.22, 1, NULL, '1', 'fBATT', 'fucar18');
INSERT INTO event (id, date_created, value, boot, real_value, user_id, sensor_code, device_code) VALUES(625, '2020-03-24 18:54:32.408530', 14.2204, 2, NULL, '1', 'fTEMP', 'fucar18');
INSERT INTO event (id, date_created, value, boot, real_value, user_id, sensor_code, device_code) VALUES(626, '2020-03-24 18:54:32.449618', 56.59622, 2, NULL, '1', 'fHUMI', 'fucar18');
INSERT INTO event (id, date_created, value, boot, real_value, user_id, sensor_code, device_code) VALUES(627, '2020-03-24 18:54:32.480318', 940.3716, 2, NULL, '1', 'fPRES', 'fucar18');
INSERT INTO event (id, date_created, value, boot, real_value, user_id, sensor_code, device_code) VALUES(628, '2020-03-24 18:54:32.511976', 625.232, 2, NULL, '1', 'fALTI', 'fucar18');
INSERT INTO event (id, date_created, value, boot, real_value, user_id, sensor_code, device_code) VALUES(629, '2020-03-24 18:54:32.548544', 0, 2, NULL, '1', 'fPM25', 'fucar18');
INSERT INTO event (id, date_created, value, boot, real_value, user_id, sensor_code, device_code) VALUES(630, '2020-03-24 18:54:32.581469', 0, 2, NULL, '1', 'fPM10', 'fucar18');
INSERT INTO event (id, date_created, value, boot, real_value, user_id, sensor_code, device_code) VALUES(631, '2020-03-24 18:54:32.616340', 1288.32, 2, NULL, '1', 'fMOIS1', 'fucar18');
INSERT INTO event (id, date_created, value, boot, real_value, user_id, sensor_code, device_code) VALUES(632, '2020-03-24 18:54:32.655676', 965.34, 2, NULL, '1', 'fMOIS2', 'fucar18');
INSERT INTO event (id, date_created, value, boot, real_value, user_id, sensor_code, device_code) VALUES(633, '2020-03-24 18:54:32.688565', 0, 2, NULL, '1', 'fLIGHT', 'fucar18');
INSERT INTO event (id, date_created, value, boot, real_value, user_id, sensor_code, device_code) VALUES(634, '2020-03-24 18:54:32.726536', 1880.64, 2, NULL, '1', 'fCURRENT', 'fucar18');
INSERT INTO event (id, date_created, value, boot, real_value, user_id, sensor_code, device_code) VALUES(635, '2020-03-24 18:54:32.763922', 955.19, 2, NULL, '1', 'fVOLT', 'fucar18');
INSERT INTO event (id, date_created, value, boot, real_value, user_id, sensor_code, device_code) VALUES(636, '2020-03-24 18:54:32.806511', 1796369, 2, NULL, '1', 'fPOWE', 'fucar18');
INSERT INTO event (id, date_created, value, boot, real_value, user_id, sensor_code, device_code) VALUES(637, '2020-03-24 18:54:32.845144', 855.21, 2, NULL, '1', 'fBATT', 'fucar18');
INSERT INTO event (id, date_created, value, boot, real_value, user_id, sensor_code, device_code) VALUES(638, '2020-03-24 19:25:15.844876', 13.87511, 3, NULL, '1', 'fTEMP', 'fucar18');
INSERT INTO event (id, date_created, value, boot, real_value, user_id, sensor_code, device_code) VALUES(639, '2020-03-24 19:25:15.888516', 56.22379, 3, NULL, '1', 'fHUMI', 'fucar18');
INSERT INTO event (id, date_created, value, boot, real_value, user_id, sensor_code, device_code) VALUES(640, '2020-03-24 19:25:15.926691', 940.8044, 3, NULL, '1', 'fPRES', 'fucar18');
INSERT INTO event (id, date_created, value, boot, real_value, user_id, sensor_code, device_code) VALUES(641, '2020-03-24 19:25:15.959276', 621.4089, 3, NULL, '1', 'fALTI', 'fucar18');
INSERT INTO event (id, date_created, value, boot, real_value, user_id, sensor_code, device_code) VALUES(642, '2020-03-24 19:25:15.997235', 0, 3, NULL, '1', 'fPM25', 'fucar18');
INSERT INTO event (id, date_created, value, boot, real_value, user_id, sensor_code, device_code) VALUES(643, '2020-03-24 19:25:16.032159', 0, 3, NULL, '1', 'fPM10', 'fucar18');
INSERT INTO event (id, date_created, value, boot, real_value, user_id, sensor_code, device_code) VALUES(644, '2020-03-24 19:25:16.060558', 1291.94, 3, NULL, '1', 'fMOIS1', 'fucar18');
INSERT INTO event (id, date_created, value, boot, real_value, user_id, sensor_code, device_code) VALUES(645, '2020-03-24 19:25:16.102562', 972.7, 3, NULL, '1', 'fMOIS2', 'fucar18');
INSERT INTO event (id, date_created, value, boot, real_value, user_id, sensor_code, device_code) VALUES(646, '2020-03-24 19:25:16.159690', 0.4, 3, NULL, '1', 'fLIGHT', 'fucar18');
INSERT INTO event (id, date_created, value, boot, real_value, user_id, sensor_code, device_code) VALUES(647, '2020-03-24 19:25:16.204978', 1880.83, 3, NULL, '1', 'fCURRENT', 'fucar18');
INSERT INTO event (id, date_created, value, boot, real_value, user_id, sensor_code, device_code) VALUES(648, '2020-03-24 19:25:16.254634', 967.85, 3, NULL, '1', 'fVOLT', 'fucar18');
INSERT INTO event (id, date_created, value, boot, real_value, user_id, sensor_code, device_code) VALUES(649, '2020-03-24 19:25:16.345212', 1820361, 3, NULL, '1', 'fPOWE', 'fucar18');
INSERT INTO event (id, date_created, value, boot, real_value, user_id, sensor_code, device_code) VALUES(650, '2020-03-24 19:25:16.383387', 856.04, 3, NULL, '1', 'fBATT', 'fucar18');
INSERT INTO event (id, date_created, value, boot, real_value, user_id, sensor_code, device_code) VALUES(651, '2020-03-24 19:55:57.493987', 13.802, 4, NULL, '1', 'fTEMP', 'fucar18');
INSERT INTO event (id, date_created, value, boot, real_value, user_id, sensor_code, device_code) VALUES(652, '2020-03-24 19:55:57.539662', 56.8521, 4, NULL, '1', 'fHUMI', 'fucar18');
INSERT INTO event (id, date_created, value, boot, real_value, user_id, sensor_code, device_code) VALUES(653, '2020-03-24 19:55:57.573418', 941.0388, 4, NULL, '1', 'fPRES', 'fucar18');
INSERT INTO event (id, date_created, value, boot, real_value, user_id, sensor_code, device_code) VALUES(654, '2020-03-24 19:55:57.611776', 619.3436, 4, NULL, '1', 'fALTI', 'fucar18');
INSERT INTO event (id, date_created, value, boot, real_value, user_id, sensor_code, device_code) VALUES(655, '2020-03-24 19:55:57.644307', 0, 4, NULL, '1', 'fPM25', 'fucar18');
INSERT INTO event (id, date_created, value, boot, real_value, user_id, sensor_code, device_code) VALUES(656, '2020-03-24 19:55:57.677207', 0, 4, NULL, '1', 'fPM10', 'fucar18');
INSERT INTO event (id, date_created, value, boot, real_value, user_id, sensor_code, device_code) VALUES(657, '2020-03-24 19:55:57.710231', 1287.77, 4, NULL, '1', 'fMOIS1', 'fucar18');
INSERT INTO event (id, date_created, value, boot, real_value, user_id, sensor_code, device_code) VALUES(658, '2020-03-24 19:55:57.739495', 959.64, 4, NULL, '1', 'fMOIS2', 'fucar18');
INSERT INTO event (id, date_created, value, boot, real_value, user_id, sensor_code, device_code) VALUES(659, '2020-03-24 19:55:57.770801', 0.24, 4, NULL, '1', 'fLIGHT', 'fucar18');
INSERT INTO event (id, date_created, value, boot, real_value, user_id, sensor_code, device_code) VALUES(660, '2020-03-24 19:55:57.796524', 1880.32, 4, NULL, '1', 'fCURRENT', 'fucar18');
INSERT INTO event (id, date_created, value, boot, real_value, user_id, sensor_code, device_code) VALUES(661, '2020-03-24 19:55:57.820571', 982.65, 4, NULL, '1', 'fVOLT', 'fucar18');
INSERT INTO event (id, date_created, value, boot, real_value, user_id, sensor_code, device_code) VALUES(662, '2020-03-24 19:55:57.845995', 1847697, 4, NULL, '1', 'fPOWE', 'fucar18');
INSERT INTO event (id, date_created, value, boot, real_value, user_id, sensor_code, device_code) VALUES(663, '2020-03-24 19:55:57.883632', 857.16, 4, NULL, '1', 'fBATT', 'fucar18');
